{"cameraMode":{"drawMode":0,"name":"Shaded","section":"Shading Mode"},"sceneLighting":true,"audioPlay":false,"sceneViewState":{"m_AlwaysRefresh":false,"showFog":true,"showSkybox":false,"showFlares":true,"showImageEffects":true,"showParticleSystems":true,"showVisualEffectGraphs":true,"m_FxEnabled":true},"in2DMode":false,"pivot":{"x":440.2464294433594,"y":179.74310302734376,"z":-9.049270629882813},"rotation":{"x":-0.14198151230812074,"y":0.023165550082921983,"z":-0.003325049765408039,"w":-0.9895983934402466},"size":247.1186065673828,"orthographic":false}